-- phpMyAdmin SQL Dump
-- version 4.2.10
-- http://www.phpmyadmin.net
--
-- Host: localhost:3306
-- Generation Time: Mar 10, 2015 at 04:16 AM
-- Server version: 5.5.38
-- PHP Version: 5.5.18

SET SQL_MODE = "NO_AUTO_VALUE_ON_ZERO";
SET time_zone = "+00:00";


/*!40101 SET @OLD_CHARACTER_SET_CLIENT=@@CHARACTER_SET_CLIENT */;
/*!40101 SET @OLD_CHARACTER_SET_RESULTS=@@CHARACTER_SET_RESULTS */;
/*!40101 SET @OLD_COLLATION_CONNECTION=@@COLLATION_CONNECTION */;
/*!40101 SET NAMES utf8 */;

--
-- Database: `db_ileave2`
--

-- --------------------------------------------------------

--
-- Table structure for table `tbconfig`
--

CREATE TABLE `tbconfig` (
`id` int(11) NOT NULL,
  `sendemail` tinyint(4) DEFAULT '0' COMMENT '0=ไม่่ส่งเมลล์,1=ส่งเมลล์',
  `email` varchar(50) DEFAULT NULL,
  `email_password` varchar(50) DEFAULT NULL,
  `email2` varchar(50) DEFAULT NULL
) ENGINE=MyISAM AUTO_INCREMENT=2 DEFAULT CHARSET=utf8;

--
-- Dumping data for table `tbconfig`
--

INSERT INTO `tbconfig` (`id`, `sendemail`, `email`, `email_password`, `email2`) VALUES
(1, 0, '', '', '');

-- --------------------------------------------------------

--
-- Table structure for table `tbdepart`
--

CREATE TABLE `tbdepart` (
`id` int(11) NOT NULL,
  `team_id` int(11) DEFAULT NULL,
  `code` varchar(50) DEFAULT NULL,
  `name` varchar(255) DEFAULT NULL
) ENGINE=MyISAM AUTO_INCREMENT=3 DEFAULT CHARSET=utf8;

--
-- Dumping data for table `tbdepart`
--

INSERT INTO `tbdepart` (`id`, `team_id`, `code`, `name`) VALUES
(1, 22, '001', 'บริษัทอีสานเดฟจำกัด'),
(2, 22, '002', 'มหาวิทยาลัยราชภัฏมหาสารคาม');

-- --------------------------------------------------------

--
-- Table structure for table `tbleavemanage`
--

CREATE TABLE `tbleavemanage` (
`id` int(11) NOT NULL,
  `writing` varchar(255) NOT NULL COMMENT 'เขียนที่',
  `title` varchar(255) NOT NULL COMMENT 'เรื่อง',
  `president` varchar(255) NOT NULL COMMENT 'เรียนถึง',
  `member_id` int(11) NOT NULL,
  `leave_type_id` int(11) NOT NULL,
  `datefrom` date NOT NULL,
  `dateto` date NOT NULL,
  `amountdate` int(11) NOT NULL,
  `comment` text NOT NULL,
  `address` text NOT NULL COMMENT 'ที่อยู่ติดต่อระหว่างลา',
  `status` varchar(20) NOT NULL,
  `status_detail` text NOT NULL COMMENT 'เหตุผลถ้าไม่อนุมัติ',
  `ordain_status` int(5) NOT NULL COMMENT '0 = ไม่เคยอุปสมบท , 1 = เคยอุปสมบทแล้ว',
  `measure_address` text NOT NULL COMMENT 'ที่อยู่วัด',
  `dateofordination` date NOT NULL COMMENT 'วันที่บวช',
  `temple_address` text NOT NULL COMMENT 'ที่จำพรรษา',
  `newbihelp` varchar(255) NOT NULL COMMENT 'ชื่อภริยากรณีลาเพื่อช่วยเหลือภริยาคลอดบุตร',
  `date_newbihelp` date NOT NULL,
  `dateregist` varchar(50) NOT NULL,
  `ip` varchar(255) NOT NULL
) ENGINE=MyISAM AUTO_INCREMENT=120 DEFAULT CHARSET=utf8;

--
-- Dumping data for table `tbleavemanage`
--

INSERT INTO `tbleavemanage` (`id`, `writing`, `title`, `president`, `member_id`, `leave_type_id`, `datefrom`, `dateto`, `amountdate`, `comment`, `address`, `status`, `status_detail`, `ordain_status`, `measure_address`, `dateofordination`, `temple_address`, `newbihelp`, `date_newbihelp`, `dateregist`, `ip`) VALUES
(1, '', '', '', 1, 1, '2011-06-27', '2011-06-28', 1, 'จะเดินทางต่างจังหวัดครับ', '', 'disapproval', '', 0, '', '0000-00-00', '', '', '0000-00-00', '2013-06-20 16:25:39', ''),
(78, '', '', '', 1, 2, '2013-06-24', '2013-06-25', 2, 'อยากลา', '', 'approve', '', 0, '', '0000-00-00', '', '', '0000-00-00', '2013-06-27 23:44:25', ''),
(54, '', '', '', 1, 1, '2013-06-20', '2013-06-21', 1, '', '', 'approve', '', 0, '', '0000-00-00', '', '', '0000-00-00', '2013-06-20 17:12:15', ''),
(27, '', '', '', 1, 1, '2013-06-19', '2013-06-20', 1, '', '', 'approve', '', 0, '', '0000-00-00', '', '', '0000-00-00', '2013-06-20 16:25:42', ''),
(73, '', '', '', 1, 1, '2013-06-20', '2013-06-22', 2, '', '', 'cancel', '', 0, '', '0000-00-00', '', '', '0000-00-00', '2013-06-21 09:38:48', ''),
(96, '', '', '', 1, 2, '2013-07-10', '2013-07-19', 10, '', '', 'cancel', '', 0, '', '0000-00-00', '', '', '0000-00-00', '2013-07-04 00:25:12', ''),
(95, '', '', '', 1, 2, '2013-07-03', '2013-07-04', 2, '', '', 'disapproval', '', 0, '', '0000-00-00', '', '', '0000-00-00', '2013-07-04 00:18:07', ''),
(94, '', '', '', 1, 2, '2013-07-02', '2013-07-04', 3, '', '', 'disapproval', '', 0, '', '0000-00-00', '', '', '0000-00-00', '2013-07-04 00:15:32', ''),
(93, '', '', '', 2, 2, '2013-06-28', '2013-06-28', 1, '', '', 'wait', '', 0, '', '0000-00-00', '', '', '0000-00-00', '2013-06-29 17:10:27', ''),
(81, '', '', '', 2, 3, '2013-06-21', '2013-06-21', 1, '', '', 'approve', '', 0, '', '0000-00-00', '', '', '0000-00-00', '2013-06-27 23:45:09', ''),
(50, '', '', '', 2, 3, '2013-06-20', '2013-06-22', 2, '', '', 'approve', '', 0, '', '0000-00-00', '', '', '0000-00-00', '2013-06-20 17:12:08', ''),
(55, '', '', '', 1, 3, '2013-06-20', '2013-06-21', 1, '', '', 'approve', '', 0, '', '0000-00-00', '', '', '0000-00-00', '2013-06-21 09:38:58', ''),
(77, '', '', 'อธิการบดี', 1, 3, '2013-06-24', '2013-06-25', 2, 'อยากลา', 'มหาสาารคาม', 'approve', '', 0, '', '0000-00-00', '', '', '0000-00-00', '2013-06-27 23:44:28', ''),
(59, '', '', '', 1, 3, '2013-06-24', '2013-06-28', 5, '', '', 'approve', '', 0, '', '0000-00-00', '', '', '0000-00-00', '2013-06-27 21:31:36', ''),
(75, '', '', '', 1, 4, '2013-06-21', '2013-06-21', 1, '', '', 'approve', '', 0, '', '0000-00-00', '', '', '0000-00-00', '2013-06-28 00:51:18', ''),
(74, '', '', '', 1, 4, '2013-06-21', '2013-06-21', 1, '', '', 'approve', '', 0, '', '0000-00-00', '', '', '0000-00-00', '2013-06-27 23:44:47', ''),
(62, '', '', '', 2, 4, '2013-06-21', '2013-06-22', 1, '', '', 'disapproval', '', 0, '', '0000-00-00', '', '', '0000-00-00', '2013-06-21 09:39:06', ''),
(63, '', '', '', 2, 5, '2013-06-21', '2013-06-22', 1, '', '', 'approve', '', 0, '', '0000-00-00', '', '', '0000-00-00', '2013-06-21 09:39:09', ''),
(92, '', '', '', 2, 5, '2013-06-29', '2013-06-29', 1, '', '', 'wait', '', 0, '', '0000-00-00', '', '', '0000-00-00', '2013-06-29 17:11:16', ''),
(91, '', '', '', 2, 5, '0000-00-00', '0000-00-00', 1, '0', '', 'disapproval', '', 0, '', '0000-00-00', '', '', '0000-00-00', '2013-06-29 17:00:10', ''),
(90, '', '', '', 2, 5, '2013-06-29', '2013-06-29', 1, '', '', 'wait', '', 0, '', '0000-00-00', '', '', '0000-00-00', '2013-06-29 17:15:29', ''),
(97, '', 'ขอลาป่วย', 'อธิการบดี', 1, 1, '2014-02-06', '2014-05-06', 90, 'dd', 'ddd', 'disapproval', '', 0, '', '0000-00-00', '', '', '0000-00-00', '2014-06-20 01:02:11', '::1'),
(99, '', '0', 'fgfgfgfgfg', 1, 1, '2014-06-25', '2014-06-26', 2, 'fgfgfg', 'fgfgfg', 'cancel', '', 0, '', '0000-00-00', '', '', '0000-00-00', '2014-06-20 01:15:28', '::1'),
(101, 'มหาวิทยาลัยราชภัฏมหาสารคาม', 'ขอลาป่วย', 'อธิการบดี', 5, 7, '2014-06-20', '2014-06-21', 2, 'ไม่สะบาย', 'บ้านพักบุคคลากร', 'approve', '', 0, '', '0000-00-00', '', '', '0000-00-00', '2014-06-20 17:01:25', '::1'),
(103, 'อ.ปรางค์กู่ จ.ศรีสะเกษ', 'ขอลาพักผ่อน', 'ผู้บริหารบริษัทอีสานเดฟ', 1, 4, '2014-06-05', '2014-06-09', 5, 'ขอพักผ่อนประจำปี ', 'ติดต่อได้ตามเบอร์โทรศัพท์มือถือที่ให้ไว้', 'wait', '', 0, '', '0000-00-00', '', '', '0000-00-00', '2014-06-22 12:05:19', '::1'),
(104, 'อ.ปรางค์กู่ จ.ศรีสะเกษ', 'ขอลาป่วย', 'อธิการบดี', 5, 1, '2014-06-23', '2014-06-24', 2, '', 'd', 'wait', '', 0, '', '0000-00-00', '', '', '0000-00-00', '2014-06-22 15:00:27', '::1'),
(105, 'อ.ปรางค์กู่ จ.ศรีสะเกษ', 'ขอลาป่วย', 'อธิการบดี', 5, 1, '2014-06-26', '2014-06-27', 2, 'c', 'c', 'wait', '', 0, '', '0000-00-00', '', '', '0000-00-00', '2014-06-22 15:00:44', '::1'),
(106, 'อ.ปรางค์กู่ จ.ศรีสะเกษ', 'ขอลาป่วย', 'อธิการบดี', 5, 1, '2014-06-24', '2014-06-25', 2, 'dfd', 'd', 'wait', '', 0, '', '0000-00-00', '', '', '0000-00-00', '2014-06-22 15:05:41', '::1'),
(107, 'อ.ปรางค์กู่ จ.ศรีสะเกษ', 'ขอลาป่วย', '33', 5, 1, '2014-06-24', '2014-06-25', 2, '33', '3', 'disapproval', '', 0, '', '0000-00-00', '', '', '0000-00-00', '2014-06-22 15:08:44', '::1'),
(108, 'บริษัท อีสานเดฟ จำกัด ', 'ขอลาพักผ่อน', 'ผู้บริหาร บริษัท อีสานเดฟ จำกัด', 5, 4, '2014-06-24', '2014-06-26', 3, '4', '4', 'approve', '', 0, '', '0000-00-00', '', '', '0000-00-00', '2014-06-22 15:21:09', '::1'),
(109, 'มหาวิทยาลัยราชภัฏมหาสารคาม', 'ขอลาเพื่อช่วยเหลือภริยาคลอดบุตร', 'อธิการบดี', 5, 5, '2014-06-23', '2014-06-24', 2, 'ช่วยภริยาคลอดบุตร', 'ตามที่อยู่เดิม', 'approve', '', 0, '', '0000-00-00', '', 'นางสาวอุษณีย์ วิริยะ', '2014-06-24', '2014-06-22 16:21:41', '::1'),
(110, 'วัด', 'ขอลาไปช่วยเหลือภริยาที่คลอดบุตร', 'กกก', 5, 5, '2014-06-24', '2014-06-26', 3, 'กก', 'กกก', 'disapproval', '', 0, '', '0000-00-00', '', 'ปกก', '0000-00-00', '2014-06-22 17:28:51', '::1'),
(111, 'มหาวิทยาลัยราชภัฏมหาสารคาม', 'ขอการลาอุปสมบท', 'อธิการบดี', 5, 6, '2014-06-24', '2014-06-30', 7, '0', '0', 'approve', '', 0, 'วัดธาตุโนนนคร บ้านโนนเมือง ต.แพง อ.โกสุมพิสัย จ.มหาสารคาม ', '2014-06-18', 'วัดธาตุโนนนคร บ้านโนนเมือง ต.แพง อ.โกสุมพิสัย จ.มหาสารคาม ', '0', '0000-00-00', '2014-06-22 22:13:15', '::1'),
(112, 'test', 'ขอลาป่วย', 'ttest', 2, 1, '2014-06-10', '2014-06-27', 18, 'test', 'test', 'wait', '', 0, '0', '0000-00-00', '0', '0', '0000-00-00', '2014-06-25 16:03:25', '::1'),
(113, 'มหาวิทยาลัยราชภัฏมหาสารคาม', 'ขอลาป่วย', 'อธิการบดี', 2, 1, '2014-06-03', '2014-07-09', 37, 'ปวดหัว ไม่สบาย ', 'ที่พัก', 'wait', '', 0, '0', '0000-00-00', '0', '0', '0000-00-00', '2014-06-30 14:10:57', '::1'),
(114, 'มหาวิทยาลัยราชภัฏมหาสารคาม', 'ขอลาป่วย', 'อธิการบดี', 2, 1, '2014-06-03', '2014-07-09', 37, 'ปวดหัว ไม่สบาย ', 'ที่พัก', 'wait', '', 0, '0', '0000-00-00', '0', '0', '0000-00-00', '2014-06-30 14:14:16', '::1'),
(115, 'มหาวิทยาลัยราชภัฏมหาสารคาม', 'ขอลาป่วย', 'อธิการบดี', 1, 1, '2014-06-02', '2014-06-11', 10, 'c', 'f', 'approve', '', 0, '0', '0000-00-00', '0', '0', '0000-00-00', '2014-06-30 14:15:49', '::1'),
(116, 'มหาวิทยาลัยราชภัฏมหาสารคาม', 'ขอลาป่วย', 'อธิการบดี', 1, 1, '2014-06-02', '2014-06-11', 10, 'c', 'f', 'approve', '', 0, '0', '0000-00-00', '0', '0', '0000-00-00', '2014-06-30 14:17:47', '::1'),
(117, 'มหาวิทยาลัยราชภัฏมหาสารคาม', 'ขอลาป่วย', 'อธิการบดี', 1, 1, '2014-06-02', '2014-06-11', 10, 'c', 'f', 'approve', '', 0, '0', '0000-00-00', '0', '0', '0000-00-00', '2014-06-30 14:33:27', '::1'),
(118, 'มหาวิทยาลัยราชภัฏมหาสารคาม', 'ขอลาป่วย', 'อธิการบดี', 1, 1, '2014-06-02', '2014-06-11', 10, 'c', 'f', 'approve', '', 0, '0', '0000-00-00', '0', '0', '0000-00-00', '2014-06-30 14:34:31', '::1'),
(119, 'ee', 'ขอลากิจส่วนตัว', 'eee', 2, 2, '2015-01-12', '2015-01-12', 1, 'eee', 'eee', 'wait', '', 0, '0', '0000-00-00', '0', '0', '0000-00-00', '2015-01-13 09:22:31', '::1');

-- --------------------------------------------------------

--
-- Table structure for table `tbleave_type`
--

CREATE TABLE `tbleave_type` (
`id` int(11) NOT NULL,
  `code` varchar(50) NOT NULL,
  `name` varchar(100) DEFAULT NULL,
  `url` varchar(255) NOT NULL,
  `description` text NOT NULL
) ENGINE=MyISAM AUTO_INCREMENT=12 DEFAULT CHARSET=utf8;

--
-- Dumping data for table `tbleave_type`
--

INSERT INTO `tbleave_type` (`id`, `code`, `name`, `url`, `description`) VALUES
(1, '001', 'ลาป่วย', 'sick', '- ข้าราชการซึ่งประสงค์จะลาป่วยเพื่อรักษาตัว ให้เสนอหรือจัดส่งใบลาต่อผู้บังคับบัญชา ตามลําดับจนถึงผู้มีอํานาจอนุญาตก่อนหรือในวันที่ลา เว้นแต่ในกรณีจําเป็น จะเสนอหรือจัดส่งใบลา ในวันแรกที่มาปฏิบัติราชการก็ได้ <hr/>\n  ในกรณีที่ข้าราชการผู้ขอลามีอาการป่วยจนไม่สามารถจะลงชื่อในใบลาได้ จะให้ผู้อื่นลาแทนก็ได้ แต่เมื่อสามารถลงชื่อได้แล้ว ให้เสนอหรือจัดส่งใบลาโดยเร็ว \n<hr/>\nการลาป่วยตั้งแต่ ๓๐ วันขึ้นไป ต้องมีใบรับรองของแพทย์ซึ่งเป็นผู้ที่ได้ขึ้นทะเบียนและ รับใบอนุญาตเป็นผู้ประกอบวิชาชีพเวชกรรมแนบไปกับใบลาด้วย ในกรณีจําเป็นหรือเห็นสมควร ผู้มีอํานาจอนุญาตจะสั่งให้ใช้ใบรับรองของแพทย์อื่นซึ่งผู้มีอํานาจอนุญาตเห็นชอบแทนก็ได้ \n<hr/>\nการลาป่วยไม่ถึง ๓๐ วัน ไมว่ ่าจะเป็นการลาครั้งเดียวหรือหลายครั้งติดต่อกัน ถ้าผู้มีอํานาจอนุญาตเห็นสมควร จะสั่งให้มีใบรับรองของแพทย์ตามวรรคสามประกอบใบลา หรือสั่งให้ผู้ลาไปรับ การตรวจจากแพทย์ของทางราชการเพื่อประกอบการพิจารณาอนุญาตก็ได้ \n\n'),
(2, '002', 'ลากิจส่วนตัว', 'carer', '&nbsp;&nbsp;&nbsp;&nbsp;ข้าราชการซึ่งประสงค์จะลากิจส่วนตัว ให้เสนอหรือจัดส่งใบลาต่อผู้บังคับบัญชาตามลําดับจนถึงผู้มีอํานาจอนุญาต และเมื่อได้รับอนุญาตแล้วจึงจะหยุดราชการได้ เว้นแต่มีเหตุจําเป็นไม่สามารถรอรับอนุญาตได้ทัน จะเสนอหรือจัดส่งใบลาพร้อมระบุเหตุจําเป็นไว้ แล้วหยุดราชการไปก่อนก็ได้ แตจะต ่ ้องชี้แจงเหตุผลให้ผู้มีอํานาจอนุญาตทราบโดยเร็ว \n<hr/>\n&nbsp;&nbsp;&nbsp;&nbsp;ในกรณีมีเหตุพิเศษที่ไม่อาจเสนอหรือจัดส่งใบลาก่อนตามวรรคหนึ่งได้ ให้เสนอหรือจัดส่งใบลาพร้อมทั้งเหตุผลความจําเป็นต่อผู้บังคับบัญชาตามลําดับจนถึงผู้มีอํานาจอนุญาตทันทีในวันแรก ที่มาปฏิบัติราชการ\n<hr/>\n&nbsp;&nbsp;ข้าราชการที่ลาคลอดบุตรตามข้อ ๑๙ แล้ว หากประสงค์จะลากิจส่วนตัวเพื่อเลี้ยงดูบุตร ให้มีสิทธิลาต่อเนื่องจากการลาคลอดบุตรได้ไม่เกิน ๑๕๐ วันทําการ \n'),
(3, '003', 'ลาคลอดบุตร', 'Maternity', 'ข้าราชการซึ่งประสงค์จะลาคลอดบุตร ให้เสนอหรือจัดส่งใบลาต่อผู้บังคับบัญชา\nตามลําดับจนถึงผู้มีอํานาจอนุญาตก่อนหรือในวันที่ลา เว้นแต่ไม่สามารถจะลงชื่อในใบลาได้ จะให้ผู้อื่นลาแทนก็ได้ แต่เมื่อสามารถลงชื่อได้แล้ว ให้เสนอหรือจัดส่งใบลาโดยเร็ว โดยไม่ต้องมีใบรับรอง ของแพทย์ \n<hr/>\nการลาคลอดบุตรจะลาในวันที่คลอด ก่อน หรือหลังวันที่คลอดบุตรก็ได้ แต่เมื่อรวมวันลาแล้วต้องไม่เกิน ๙๐ วัน \n<hr/>\nข้าราชการที่ได้รับอนุญาตให้ลาคลอดบุตรและได้หยุดราชการไปแล้ว แต่ไม่ได้คลอดบุตร ตามกําหนด หากประสงค์จะขอยกเลิกวันลาคลอดบุตรที่หยุดไป ให้ผู้มีอํานาจอนุญาตอนุญาตให้ยกเลิกวันลาคลอดบุตรได้ โดยให้ถือว่าวันที่ได้หยุดราชการไปแล้วเป็นวันลากิจส่วนตัว \n<hr/>\nการลาคลอดบุตรคาบเกี่ยวกับการลาประเภทใดซึ่งยังไม่ครบกําหนดวันลาของการลาประเภทนั้น ให้ถือว่าการลาประเภทนั้นสิ้นสุดลง และให้นับเป็นการลาคลอดบุตรตั้งแต่วันเริ่มวันลาคลอดบุตร \n\n\n'),
(4, '004', 'ลาพักผ่อน', 'rest', 'ข้าราชการมีสิทธิลาพักผ่อนประจําปีในปีงบประมาณหนึ่งได้ ๑๐ วันทําการ เว้นแต่\nข้าราชการดังต่อไปนี้ไม่มีสิทธิลาพักผ่อนประจําปีในปีที่ได้รับบรรจุเข้ารับราชการยังไม่ถึง ๖ เดือน \n(๑) ผู้ซึ่งได้รับบรรจุเข้ารับราชการเป็นข้าราชการครั้งแรก \n(๒) ผู้ซึ่งลาออกจากราชการเพราะเหตุส่วนตัว แล้วต่อมาได้รับบรรจุเข้ารับราชการอีก \n(๓) ผู้ซึ่งลาออกจากราชการเพ่อดื ํารงตําแหน่งทางการเมืองหรือเพื่อสมัครรับเลือกตั้งแล้วต่อมาได้รับบรรจุเข้ารับราชการอีกหลัง ๖ เดือน นับแต่วันออกจากราชการ \n(๔) ผู้ซึ่งถูกสั่งให้ออกจากราชการในกรณีอื่น นอกจากกรณีไปรับราชการทหารตามกฎหมาย ว่าด้วยการรับราชการทหาร และกรณีไปปฏิบัติงานใด ๆ ตามความประสงค์ของทางราชการ แล้วต่อมาได้รับบรรจุเข้ารับราชการอีก\n<hr/>\nถ้าในปีใดข้าราชการผู้ใดมิไดลาพ ้ ักผ่อนประจําปี หรือลาพักผ่อนประจําปีแล้วแต่ไม่ครบ ๑๐ วันทําการ ให้สะสมวันที่ยังมิได้ลาในปีนั้นรวมเข้ากับปีต่อ ๆ ไปได้ แต่วันลาพักผ่อนสะสมรวมกับวันลาพักผ่อนในปีปัจจุบันจะต้องไม่เกิน ๒๐ วันทําการ \n<hr/>\nสําหรับผู้ที่ได้รับราชการติดต่อกันมาแล้วไม่น้อยกว่า ๑๐ ปี ให้มีสิทธินําวันลาพักผ่อนสะสมรวมกับวันลาพักผ่อนในปีปัจจุบันได้ไม่เกิน ๓๐ วันทําการ \n<hr/>\nให้ข้าราชการที่ประจําการในต่างประเทศในเมืองที่กําลังพัฒนาซึ่งตั้งอยู่ในภูมิภาค\nแอฟริกา ลาตินอเมริกา และอเมริกากลาง หรือเมืองที่มีความเป็นอยู่ยากลําบาก เมืองที่มีภาวะ ความเป็นอยู่ไม่ปกติ และเมืองที่มีสถานการณ์พิเศษ มีสิทธิลาพักผ่อนประจําปีในปีหนึ่งได้เพิ่มขึ้นอีก ๑๐ วันทําการ สําหรับวันลาตามข้อนี้มิให้นําวันที่ยังมิได้ลาในปีนั้นรวมเข้ากับปีต่อไป \n<hr/>\nการกําหนดรายชื่อเมืองตามวรรคหนึ่ง ให้เป็นไปตามที่ปลัดสํานักนายกรัฐมนตรีประกาศกําหนดอย่างน้อยปีละหนึ่งครั้ง\n<hr/>\nข้าราชการซึ่งประสงค์จะลาพักผ่อน ให้เสนอหรือจัดส่งใบลาต่อผู้บังคับบัญชา\nตามลําดับจนถึงผู้มีอํานาจอนุญาต และเมื่อได้รับอนุญาตแล้วจึงจะหยุดราชการได\n<hr/>\nการอนุญาตให้ลาพักผ่อน ผู้มีอํานาจอนุญาตจะอนุญาตให้ลาครั้งเดียวหรือหลายครั้งก็ได้ โดยมิให้เสียหายแก่ราชการ \n <hr/>\nข้าราชการประเภทใดที่ปฏิบัติงานในสถานศึกษาและมีวันหยุดภาคการศึกษา หากได้หยุดราชการตามวันหยุดภาคการศึกษาเกินกว่าวันลาพักผ่อนตามระเบียบนี้ ไม่มีสิทธิลาพักผ่อนตามที่กําหนดไว้ในส่วนนี้ \n\n\n\n'),
(5, '005', 'ลาไปช่วยเหลือภริยาที่คลอดบุตร', 'help-his-wife', 'ข้าราชการซึ่งประสงค์จะลาไปช่วยเหลือภริยาโดยชอบด้วยกฎหมายที่คลอดบุตร \nให้เสนอหรือจัดส่งใบลาต่อผู้บังคับบัญชาตามลําดับจนถึงผู้มีอํานาจอนุญาตก่อนหรือในวันที่ลาภายใน ๙๐ วัน นับแต่วันที่คลอดบุตร และให้มีสิทธิลาไปช่วยเหลือภริยาท่ีคลอดบุตรครั้งหนึ่งติดต่อกันได้ ไม่เกิน ๑๕ วันทําการ\n<hr/>\nผู้มีอํานาจอนุญาตตามวรรคหนึ่งอาจให้แสดงหลักฐานประกอบการพิจารณาอนุญาตด้วยก็ได้'),
(6, '006', 'การลาอุปสมบท', 'ordain', 'ข้าราชการซึ่งประสงค์จะลาอุปสมบทในพระพุทธศาสนา หรือข้าราชการที่นับถือ\nศาสนาอิสลามซึ่งประสงค์จะลาไปประกอบพิธีฮัจย์ ณ เมืองเมกกะ ประเทศซาอุดีอาระเบีย ให้เสนอหรือจัดส่งใบลาต่อผู้บังคับบัญชาตามลําดับจนถึงผู้มีอํานาจพิจารณาหรืออนุญาตก่อนวันอุปสมบท หรือก่อนวันเดินทางไปประกอบพิธีฮัจย์ไม่น้อยกว่า ๖๐ วัน\n<hr/>\nในกรณีมีเหตุพิเศษไม่อาจเสนอหรือจัดส่งใบลาก่อนตามวรรคหนึ่ง ให้ชี้แจงเหตุผลความจําเป็นประกอบการลา และให้อยู่ในดุลพินิจของผู้มีอํานาจพิจารณาหรืออนุญาตที่จะพิจารณาให้ลาหรือไม่ก็ได้ \n<hr/>\nข้าราชการที่ได้รับพระราชทานพระบรมราชานุญาตให้ลาอุปสมบทหรือได้รับอนุญาต\nให้ลาไปประกอบพิธีฮัจย์ตามข้อ ๒๙ แล้ว จะตองอ้ ุปสมบทหรือออกเดินทางไปประกอบพิธีฮัจย์ภายใน ๑๐ วันนับแต่วันเริ่มลา และจะต้องกลับมารายงานตัวเข้าปฏิบัติราชการภายใน ๕ วันนับแต่วันที่ลาสิกขาหรือวันที่เดินทางกลับถึงประเทศไทยหลังจากการเดินทางไปประกอบพิธีฮัจย์ ทั้งนี้ จะต้องนับรวมอยู่ภายในระยะเวลาที่ได้รับอนุญาตการลา\n\n'),
(7, '007', 'การลาเข้ารับการตรวจเลือกหรือเข้ารับการเตรียมพล ', 'Select', '-'),
(8, '008', 'การลาไปศึกษา ฝึกอบรม ปฏิบัติการวิจัย หรือดูงาน ', 'education-training-research-work', '-'),
(9, '009', 'การลาไปปฏิบัติงานในองค์การระหว่างประเทศ ', 'work-in-international-organizations', '-'),
(10, '010', 'การลาติดตามคู่สมรส ', 'Leave-a-spouse', '-'),
(11, '011', 'การลาไปฟื้นฟูสมรรถภาพด้านอาชีพ', 'to-the-Vocational-Rehabilitation', 'to the Vocational Rehabilitation');

-- --------------------------------------------------------

--
-- Table structure for table `tbmember`
--

CREATE TABLE `tbmember` (
`id` int(11) NOT NULL,
  `picture` varchar(255) NOT NULL,
  `card_id` varchar(13) NOT NULL COMMENT 'เลขบัตรประชาชน',
  `name` varchar(200) DEFAULT NULL,
  `position` varchar(200) DEFAULT NULL,
  `username` varchar(20) DEFAULT NULL,
  `password` text,
  `mobile` varchar(20) DEFAULT NULL,
  `tel` varchar(20) DEFAULT NULL,
  `depart_id` int(11) DEFAULT NULL,
  `status` tinyint(4) DEFAULT NULL COMMENT '0=รอการอนุมัติ,1=ใช้งาน,2=ระงับการใช้งาน',
  `mem_type` tinyint(4) DEFAULT '0' COMMENT 'ประเภทสมาชิก 0=ทั่วไป,1=admin, 2=ผู้อนุมัติประจำแผนก',
  `email` varchar(100) DEFAULT NULL,
  `birthday` date NOT NULL COMMENT 'วันเกิด',
  `date_serve` date NOT NULL COMMENT 'วันที่เข้าทำการ,รับราชการ'
) ENGINE=MyISAM AUTO_INCREMENT=7 DEFAULT CHARSET=utf8;

--
-- Dumping data for table `tbmember`
--

INSERT INTO `tbmember` (`id`, `picture`, `card_id`, `name`, `position`, `username`, `password`, `mobile`, `tel`, `depart_id`, `status`, `mem_type`, `email`, `birthday`, `date_serve`) VALUES
(1, '895.jpg', '', 'นายนครินทร์ ม่วงอ่อน', 'นักวิชาการคอมพิวเตอร์', 'Leksoft', 'LRORCWHk4ElH2AuopKs0VunY2Hlxt2JYXiiYx5voN5EjV+6/AOWleViAM1FAXNj8ZQ75x0qzHQqAkO/QSavozw==', '0810917526', '2392', 1, 1, 0, 'leksoft@hotmail.com', '2014-06-03', '0000-00-00'),
(2, '814.png', '', 'Adminitrator', 'admin', 'admin', '6rDGUizh3NzKbVXJv14UfCVSnNazX2BfyKF+dqMASATOzq9ZPakWOO8SydjPYkMLN1ITN/VCLbIoHvUq9fHZMA==', '0810917526`', '6122', 2, 1, 1, 'leksoft@hotmail.com', '2014-06-24', '2014-06-28'),
(4, '', '', 'นางสาวอุษณีย์ วิริยะ', 'นักวิชาการคอมพิวเตอร์', 'demo', 'CsWlYP8hH9RVNC3kGju/pst4MOvKj+DqWyOyJ1nNABbF1PpEJACR1inIDLRNVwTF8n2G8tyZP/b3MHV59n85zw==', '0810917526', '0810917527', 1, 1, 0, 'leksoft@hotmail.com', '2014-06-04', '2014-06-26'),
(5, '718.jpg', '', 'นายนิคม ม่วงอ่อน', 'โปรแกรมเมอร์', 'demo1', 'ybBaMoVhkSxqCb32RalUFrgyhZxHDJHhy2CNfyaXQgOA0lAtu6sEyrUwycqIT+lRBiEMEsuECj9oBA7TapfOig==', '0810917526', '', 2, 1, 0, 'leksoft@hotmail.com', '2012-07-17', '2014-06-26'),
(6, '', '', 'อีสานเดฟ', 'นักวิชาการคอมพิวเตอร์', 'username', 'nF3GPJHayzmutDOqK2oeCS0xNAOWXYKBfRXc0MPM1cujvTOD9s51AjJtDyXwo66WrqbbLvdbVPUQWlLytB/SeA==', '0810917526', '', 2, 1, 0, '', '0000-00-00', '0000-00-00');

-- --------------------------------------------------------

--
-- Table structure for table `tbteam`
--

CREATE TABLE `tbteam` (
`id` int(11) NOT NULL,
  `code` varchar(50) DEFAULT NULL,
  `name` varchar(100) DEFAULT NULL
) ENGINE=MyISAM AUTO_INCREMENT=26 DEFAULT CHARSET=utf8;

--
-- Dumping data for table `tbteam`
--

INSERT INTO `tbteam` (`id`, `code`, `name`) VALUES
(25, '004', 'มหาวิทยาลัยมหาสารคาม'),
(24, '003', 'มหาวิทยาลัยขอนแก่น'),
(22, '001', 'บริษัทอีสานเดฟจำกัด'),
(23, '002', 'โรงเรียนขอนแก่นวิทยายน');

--
-- Indexes for dumped tables
--

--
-- Indexes for table `tbconfig`
--
ALTER TABLE `tbconfig`
 ADD PRIMARY KEY (`id`);

--
-- Indexes for table `tbdepart`
--
ALTER TABLE `tbdepart`
 ADD PRIMARY KEY (`id`);

--
-- Indexes for table `tbleavemanage`
--
ALTER TABLE `tbleavemanage`
 ADD PRIMARY KEY (`id`);

--
-- Indexes for table `tbleave_type`
--
ALTER TABLE `tbleave_type`
 ADD PRIMARY KEY (`id`);

--
-- Indexes for table `tbmember`
--
ALTER TABLE `tbmember`
 ADD PRIMARY KEY (`id`);

--
-- Indexes for table `tbteam`
--
ALTER TABLE `tbteam`
 ADD PRIMARY KEY (`id`);

--
-- AUTO_INCREMENT for dumped tables
--

--
-- AUTO_INCREMENT for table `tbconfig`
--
ALTER TABLE `tbconfig`
MODIFY `id` int(11) NOT NULL AUTO_INCREMENT,AUTO_INCREMENT=2;
--
-- AUTO_INCREMENT for table `tbdepart`
--
ALTER TABLE `tbdepart`
MODIFY `id` int(11) NOT NULL AUTO_INCREMENT,AUTO_INCREMENT=3;
--
-- AUTO_INCREMENT for table `tbleavemanage`
--
ALTER TABLE `tbleavemanage`
MODIFY `id` int(11) NOT NULL AUTO_INCREMENT,AUTO_INCREMENT=120;
--
-- AUTO_INCREMENT for table `tbleave_type`
--
ALTER TABLE `tbleave_type`
MODIFY `id` int(11) NOT NULL AUTO_INCREMENT,AUTO_INCREMENT=12;
--
-- AUTO_INCREMENT for table `tbmember`
--
ALTER TABLE `tbmember`
MODIFY `id` int(11) NOT NULL AUTO_INCREMENT,AUTO_INCREMENT=7;
--
-- AUTO_INCREMENT for table `tbteam`
--
ALTER TABLE `tbteam`
MODIFY `id` int(11) NOT NULL AUTO_INCREMENT,AUTO_INCREMENT=26;
/*!40101 SET CHARACTER_SET_CLIENT=@OLD_CHARACTER_SET_CLIENT */;
/*!40101 SET CHARACTER_SET_RESULTS=@OLD_CHARACTER_SET_RESULTS */;
/*!40101 SET COLLATION_CONNECTION=@OLD_COLLATION_CONNECTION */;
